customer_id,name,email,phone,city,join_date
CUST-10000,Eesha Upadhyay,siyabhakta@example.net,00480854734,Sharjah,2026-05-02
CUST-10001,Chatresh Sant,zparekh@example.net,+912396631641,Sharjah,2024-07-21
CUST-10002,Wriddhish Nayar,arindhaliwal@example.org,03827924594,Dubai,2025-11-27
CUST-10003,Vedika Deshpande,uahuja@example.com,+911337360476,Dubai,2025-04-07
CUST-10004,Lavanya Bhagat,debishakha@example.net,04199416140,Dubai,2025-10-20
CUST-10005,Jacob Banik,harinakshi46@example.org,+916419111200,Sharjah,2026-05-03
CUST-10006,Kabir Apte,bakhshi60@example.com,07632622205,Dubai,2026-04-08
CUST-10007,Arin Karpe,chakradhar91@example.net,7750665937,Dubai,2025-10-07
CUST-10008,Triveni Morar,george20@example.net,+911952636191,Dubai,2024-11-17
CUST-10009,Arunima Saran,balihemal@example.net,04992455550,Ajman,2025-07-15
CUST-10010,Nachiket Dugar,valaekansh@example.com,08988066069,Ajman,2024-08-01
CUST-10011,Gaurangi Krishnamurthy,mittalchaitanya@example.net,+913175371916,Dubai,2025-08-02
CUST-10012,Fitan Nadkarni,bachittarmandal@example.com,+915517744937,Ajman,2026-03-20
CUST-10013,Oni Narang,lpradhan@example.org,08496162715,Ajman,2025-10-19
CUST-10014,Amara Ravel,qdutt@example.com,3099217263,Abu Dhabi,2024-11-14
CUST-10015,Alka Baria,mangatfitan@example.com,+916520422051,Ajman,2025-09-29
CUST-10016,Zehaan Bhasin,sthakur@example.com,+917480702679,Abu Dhabi,2025-02-08
CUST-10017,Devika Issac,daryatan@example.com,00854360944,Sharjah,2025-07-04
CUST-10018,Indali Ravi,lkhatri@example.org,7148743517,Dubai,2026-01-19
CUST-10019,Yashvi Aurora,narainpanini@example.net,+918761375590,Sharjah,2025-03-19
CUST-10020,Harrison Nigam,warinder05@example.com,+912989558885,Ajman,2025-02-03
CUST-10021,Wridesh Khatri,gagankota@example.org,03654490656,Abu Dhabi,2024-07-29
CUST-10022,Jacob Mutti,vasatika33@example.com,+917440369068,Ajman,2024-06-07
CUST-10023,Vasatika Hayre,gapte@example.org,+916024766352,Dubai,2024-05-16
CUST-10024,Faqid Bajwa,adas@example.org,7470703731,Dubai,2025-06-18
CUST-10025,Dayamai Dhaliwal,parikhumang@example.com,03138999867,Abu Dhabi,2026-03-12
CUST-10026,Chatura Krish,ibains@example.com,5198130784,Ajman,2025-02-13
CUST-10027,Lavanya Raghavan,ihayer@example.net,1996435069,Abu Dhabi,2025-07-06
CUST-10028,Zarna Sathe,ypatla@example.com,02680730723,Dubai,2025-05-17
CUST-10029,Aishani Jayaraman,theodorebal@example.org,03709303804,Ajman,2026-05-03
CUST-10030,Aarna Tara,qasim08@example.com,8003122922,Sharjah,2024-10-18
CUST-10031,Gaurang Mand,naidufalak@example.com,+911041592661,Dubai,2026-03-04
CUST-10032,Zehaan Agarwal,swarrior@example.net,+917462065693,Dubai,2024-07-30
CUST-10033,Nirja Vaidya,sanyakrishnan@example.com,6606458925,Abu Dhabi,2024-09-07
CUST-10034,Ekaja Viswanathan,faqid24@example.com,8047198401,Abu Dhabi,2025-07-16
CUST-10035,Tarak Naik,thamanranbir@example.net,04690404923,Ajman,2025-12-11
CUST-10036,Mitesh Kakar,ambledev@example.net,+919674849548,Ajman,2024-05-15
CUST-10037,Chatresh Nigam,akshay39@example.com,+916495625193,Dubai,2025-06-04
CUST-10038,Osha Mohan,mtara@example.com,+917372600643,Sharjah,2025-04-12
CUST-10039,Chavvi Rastogi,pchhabra@example.org,06969296223,Ajman,2025-02-22
CUST-10040,Lajita Desai,abdul09@example.com,+911967710526,Abu Dhabi,2025-11-12
CUST-10041,Anay Chokshi,madanbakhshi@example.net,04175649499,Sharjah,2024-09-21
CUST-10042,Darsh Agate,shettymaanav@example.org,+914080333186,Ajman,2024-05-27
CUST-10043,Kamya Nayak,waligautami@example.com,+913584862511,Sharjah,2025-11-05
CUST-10044,Lakshmi Thakkar,vamakshikrishnan@example.org,7255565621,Dubai,2024-12-11
CUST-10045,Zarna Kota,hbali@example.net,02252793693,Abu Dhabi,2025-07-19
CUST-10046,Anay Khurana,patelira@example.com,6911660413,Sharjah,2024-09-23
CUST-10047,Anay Pall,kabirsibal@example.com,5475626033,Abu Dhabi,2024-12-01
CUST-10048,Zarna Upadhyay,jasondutta@example.com,09351604520,Abu Dhabi,2025-12-04
CUST-10049,Ranbir Kibe,tiwariwatika@example.com,+917652664399,Ajman,2025-11-25
CUST-10050,Aarnav Chawla,avnimitter@example.net,+919717481040,Sharjah,2025-06-01
CUST-10051,Vansha Deshpande,rmajumdar@example.com,3871386703,Abu Dhabi,2025-08-15
CUST-10052,Chakrika Mutti,gaurangibhagat@example.org,2919091809,Sharjah,2025-03-31
CUST-10053,Ayaan Acharya,tamannahora@example.net,06744197304,Sharjah,2025-10-16
CUST-10054,Vincent Gola,darpan97@example.org,+913600084057,Ajman,2025-08-13
CUST-10055,Darika Brar,mangattanay@example.com,6426818560,Sharjah,2025-05-19
CUST-10056,Sachi More,pdyal@example.com,04705765393,Dubai,2024-12-26
CUST-10057,Jason Brahmbhatt,amruta37@example.com,04657965598,Sharjah,2026-01-18
CUST-10058,Zarna Venkataraman,yastinagy@example.com,03867192339,Sharjah,2024-12-19
CUST-10059,Jason Buch,lsolanki@example.com,07852823906,Sharjah,2025-10-17
CUST-10060,Vidhi Sekhon,darikakashyap@example.org,08335764475,Sharjah,2024-12-06
CUST-10061,Divya Rastogi,pratyushkant@example.org,+910342482489,Abu Dhabi,2025-03-22
CUST-10062,Logan Sule,yashodabora@example.org,03519018725,Abu Dhabi,2025-03-16
CUST-10063,Aditya Rattan,sameshchawla@example.com,+914973896401,Abu Dhabi,2024-06-16
CUST-10064,Bhanumati Sane,lopabuch@example.org,2122262750,Sharjah,2024-11-04
CUST-10065,Gaurika Mahal,qsidhu@example.org,+912622357743,Sharjah,2025-01-09
CUST-10066,Vaishnavi Anand,vedachopra@example.net,00610546828,Dubai,2024-07-02
CUST-10067,Charita Nagi,banjeetvenkatesh@example.net,+917272475616,Ajman,2025-02-07
CUST-10068,Brijesh D’Alia,qwali@example.com,04129494439,Sharjah,2025-08-03
CUST-10069,Lakshit Bahri,chasmum65@example.org,1083925970,Sharjah,2025-10-19
CUST-10070,Chavvi Sura,bhatiaranveer@example.net,+911062005149,Ajman,2026-02-25
CUST-10071,Omaja Bhatt,chanakya17@example.org,5249469358,Dubai,2024-05-20
CUST-10072,Nidhi Krish,muniucchal@example.net,9619232424,Dubai,2026-01-16
CUST-10073,Jai Kibe,merchantelijah@example.net,09971707343,Dubai,2024-05-24
CUST-10074,Chakradev Bahl,godafrado@example.net,8134526982,Dubai,2025-10-07
CUST-10075,Patrick Dugar,bhardwajanamika@example.net,+919655604579,Dubai,2024-12-18
CUST-10076,Wridesh Keer,proy@example.com,04380876288,Ajman,2024-10-26
CUST-10077,Jacob Bala,upma80@example.org,2256749325,Sharjah,2024-06-04
CUST-10078,Varenya Kant,icontractor@example.org,03521380984,Sharjah,2025-12-12
CUST-10079,Siddharth Chad,quincy20@example.org,09157533046,Abu Dhabi,2026-01-19
CUST-10080,Michael Chakrabarti,asandhu@example.com,8234262129,Sharjah,2024-09-04
CUST-10081,Harita Dugar,siddharth93@example.org,+918587014325,Ajman,2025-02-23
CUST-10082,Kamala Devi,oreddy@example.com,4665247256,Ajman,2025-05-03
CUST-10083,Samar Kota,bansaltara@example.org,09012815184,Sharjah,2025-12-26
CUST-10084,Hemang Oak,triptinaidu@example.net,+911579091647,Abu Dhabi,2025-01-24
CUST-10085,Reyansh Natt,maharajeshana@example.com,+913482614131,Dubai,2026-02-23
CUST-10086,Aadhya Batra,frederick01@example.net,4988427839,Sharjah,2024-05-31
CUST-10087,Aadhya Loyal,utkarsh39@example.com,+914814090988,Abu Dhabi,2025-08-12
CUST-10088,Samarth Sem,ishitapillay@example.org,3902385959,Sharjah,2025-02-10
CUST-10089,Sudiksha Mangat,baralmaya@example.com,+913123079576,Dubai,2024-10-05
CUST-10090,Waida Sahni,ishanvi94@example.net,02770817044,Ajman,2025-04-02
CUST-10091,Tanay Bhatnagar,calebjhaveri@example.org,8391389743,Abu Dhabi,2025-09-30
CUST-10092,Ria Garg,ryan52@example.com,0016237420,Sharjah,2026-05-02
CUST-10093,Mason Jayaraman,meghatoor@example.net,2155561427,Abu Dhabi,2024-09-18
CUST-10094,Damyanti Garde,triveni05@example.com,7544298452,Abu Dhabi,2024-09-27
CUST-10095,Rohan Kadakia,hemal94@example.com,+915836187689,Abu Dhabi,2025-07-21
CUST-10096,Hitesh Wali,rom@example.com,02473399689,Dubai,2024-05-19
CUST-10097,Chaaya Varghese,muttijack@example.com,+918807627453,Sharjah,2025-02-24
CUST-10098,Vivaan Chad,shauryaoza@example.net,+912808186734,Ajman,2025-12-25
CUST-10099,Barkha Pant,sdara@example.org,07628101186,Abu Dhabi,2026-04-18
CUST-10100,Siya Kamdar,sampathhemal@example.net,02360656059,Sharjah,2024-12-29
CUST-10101,Ati Kant,ansh69@example.com,+914045607777,Dubai,2024-05-17
CUST-10102,Ikbal Munshi,abhagolla@example.com,07509222318,Dubai,2025-05-29
CUST-10103,Ishani Dora,nathaniel17@example.com,2049716858,Dubai,2025-08-16
CUST-10104,Owen Krishnan,cchoudhry@example.net,+914240029416,Ajman,2024-06-12
CUST-10105,Akshay Chaudhary,dayamai69@example.net,03792372367,Sharjah,2025-12-22
CUST-10106,Nathan Uppal,lopa51@example.net,5188678523,Ajman,2024-07-28
CUST-10107,Nitara Krishnamurthy,bdoctor@example.org,04057827908,Dubai,2025-08-24
CUST-10108,Rishi Bhakta,hardikoommen@example.net,+918227528048,Dubai,2025-06-21
CUST-10109,Ria Bhatnagar,basakfaris@example.com,04817329592,Ajman,2025-11-13
CUST-10110,Suhani Kurian,sanaya34@example.org,+912228835218,Sharjah,2025-12-16
CUST-10111,Pratyush Bose,amarajhaveri@example.com,05231230542,Sharjah,2024-11-01
CUST-10112,Yuvraj Roy,faraj89@example.com,09463648616,Abu Dhabi,2025-08-16
CUST-10113,Aarini Kalla,ethankhalsa@example.com,01006919536,Ajman,2025-02-07
CUST-10114,Wridesh Biswas,raghavwable@example.com,+911998100403,Dubai,2026-02-05
CUST-10115,Pratyush Baria,isaxena@example.org,+912168561354,Sharjah,2025-04-24
CUST-10116,Ayushman Cherian,kai90@example.com,00910696860,Dubai,2026-01-25
CUST-10117,Leena Lad,omisha44@example.org,06154820252,Sharjah,2025-11-21
CUST-10118,Oni Bobal,goellohit@example.com,03449290550,Abu Dhabi,2024-12-30
CUST-10119,Ira Bhakta,hemangsodhi@example.com,7970284847,Abu Dhabi,2025-12-02
CUST-10120,Chakradhar Iyengar,daminilad@example.com,04052512631,Ajman,2025-12-16
CUST-10121,Maya Sani,balifrederick@example.net,+912139349360,Abu Dhabi,2025-10-05
CUST-10122,Nakul Srinivasan,osha67@example.org,00176275333,Abu Dhabi,2026-04-03
CUST-10123,Vedika Anand,hiyengar@example.com,08821349428,Ajman,2025-06-06
CUST-10124,Neel Bhalla,isinha@example.net,2673219665,Ajman,2025-12-27
CUST-10125,Yug Chowdhury,balakrishnanquincy@example.com,+913248271668,Sharjah,2025-08-01
CUST-10126,Megha Mistry,jhabaghyawati@example.net,+918092213653,Abu Dhabi,2025-05-27
CUST-10127,Vedant Bhavsar,labansetty@example.org,+911720031105,Dubai,2024-08-15
CUST-10128,Mason Joshi,mramesh@example.net,9230315945,Ajman,2025-04-30
CUST-10129,Jagdish Sridhar,rchacko@example.org,03772085072,Dubai,2024-12-31
CUST-10130,Oni Maharaj,vincent58@example.com,+913144363311,Sharjah,2025-09-25
CUST-10131,Manya Walla,agastyamerchant@example.net,00173990372,Abu Dhabi,2025-04-12
CUST-10132,Divya Bobal,aadidevan@example.net,2109760272,Ajman,2024-07-27
CUST-10133,Ekani Dyal,naikreva@example.org,6222236957,Sharjah,2025-02-16
CUST-10134,Raksha Bahri,xdugar@example.com,5173552162,Sharjah,2024-07-20
CUST-10135,Aashi Acharya,gaurangnair@example.net,+915597330304,Sharjah,2025-10-03
CUST-10136,Vidhi Mandal,ravellohit@example.com,04529411352,Dubai,2024-07-12
CUST-10137,Varsha Thakkar,omarya@example.com,05414593402,Sharjah,2025-09-30
CUST-10138,Unni Deep,mayaupadhyay@example.org,04417513159,Abu Dhabi,2024-06-08
CUST-10139,Udarsh Rana,harish71@example.org,+912022195677,Dubai,2026-01-12
CUST-10140,Lopa Issac,lipika41@example.net,+917085645548,Abu Dhabi,2026-04-24
CUST-10141,Pallavi Pall,fdube@example.net,05615351023,Dubai,2025-09-20
CUST-10142,Tara Prabhu,chandindrajit@example.com,03333171662,Dubai,2024-12-12
CUST-10143,Krish Dubey,balvan45@example.org,08224112921,Abu Dhabi,2024-07-11
CUST-10144,Aarna Korpal,abhiram56@example.com,+914379826161,Dubai,2026-05-03
CUST-10145,Geetika Gole,poojalala@example.net,01886780763,Abu Dhabi,2025-05-10
CUST-10146,Gagan Chand,qsampath@example.com,+911515724599,Ajman,2025-05-15
CUST-10147,Baghyawati Nadkarni,sagarnakul@example.com,00549991771,Sharjah,2025-07-10
CUST-10148,Chatura Hari,tbasak@example.org,08712054059,Dubai,2024-06-26
CUST-10149,Orinder Varty,keerfaqid@example.com,+910567722819,Dubai,2025-03-26
CUST-10150,Theodore Om,manbir64@example.org,9853657533,Sharjah,2025-05-10
CUST-10151,Jonathan Chand,goyalojas@example.net,+918752215034,Abu Dhabi,2025-06-06
CUST-10152,Keya Mitra,bachittarchaudry@example.com,08274751338,Sharjah,2024-08-26
CUST-10153,Suhani Goswami,yjaggi@example.org,06353695796,Dubai,2026-01-12
CUST-10154,Nicholas Sampath,jwagle@example.org,04146189826,Dubai,2024-06-14
CUST-10155,Vihaan Rana,netra12@example.com,5969436612,Ajman,2024-09-24
CUST-10156,Shivani Agarwal,tsoni@example.com,+912108821697,Dubai,2025-02-20
CUST-10157,Vedant Pandit,mwali@example.org,09505196417,Sharjah,2025-11-19
CUST-10158,Logan Zachariah,jalsa58@example.com,+919715686452,Dubai,2026-02-20
CUST-10159,Madhav Khanna,shahqarin@example.org,7795274918,Sharjah,2025-05-07
CUST-10160,Dominic Babu,janakivirk@example.com,9695568402,Ajman,2024-11-08
CUST-10161,Bhavya Dua,wablezayyan@example.com,+910609729039,Sharjah,2025-12-12
CUST-10162,Nikita Bali,ahujaraghav@example.com,1766679705,Sharjah,2025-06-20
CUST-10163,Yash Kota,gkonda@example.com,+910427750353,Ajman,2025-04-28
CUST-10164,Theodore Rau,abhalall@example.net,2522411576,Dubai,2025-09-07
CUST-10165,Maanav Chopra,ijayayohannan@example.com,6832246777,Abu Dhabi,2024-09-23
CUST-10166,Hiral Mani,babuzinal@example.net,06363855142,Abu Dhabi,2025-05-11
CUST-10167,Balveer Walia,xmani@example.com,2889934482,Abu Dhabi,2025-03-06
CUST-10168,Dominic D’Alia,dborra@example.net,09712991565,Sharjah,2025-06-26
CUST-10169,Watika Comar,choudhurygaurika@example.net,8736998773,Abu Dhabi,2024-08-29
CUST-10170,Adweta Nigam,anjalikhare@example.com,00370629714,Ajman,2025-07-16
CUST-10171,Oeshi Bains,qdutt@example.com,2205894535,Ajman,2026-02-06
CUST-10172,Mugdha Anne,amruta21@example.org,05731816674,Ajman,2025-08-19
CUST-10173,Yamini Kurian,ypathak@example.org,06612467332,Abu Dhabi,2025-04-06
CUST-10174,Kai Sachdeva,uppaldakshesh@example.org,+911570532698,Sharjah,2025-04-25
CUST-10175,Amol Dyal,orai@example.com,5536262389,Sharjah,2025-12-30
CUST-10176,Oliver Bajaj,ynaidu@example.net,04502450401,Ajman,2024-06-03
CUST-10177,Guneet Pal,zedwin@example.net,+916605591651,Sharjah,2024-06-13
CUST-10178,Mekhala Hayer,ppalan@example.com,00895285074,Sharjah,2024-05-20
CUST-10179,Kashish Raja,dhargaurang@example.org,07185370129,Ajman,2025-01-29
CUST-10180,Eshana Sastry,lraja@example.net,+912384912483,Ajman,2025-05-14
CUST-10181,Bachittar Nagi,zrajagopalan@example.org,9782905960,Dubai,2024-07-27
CUST-10182,Wakeeta Golla,agolla@example.com,+916939888644,Ajman,2026-02-04
CUST-10183,Aarini Pandey,leena18@example.com,07868538240,Sharjah,2025-09-20
CUST-10184,Lopa Panchal,adhar@example.com,2866512540,Sharjah,2024-07-26
CUST-10185,David Virk,yuvrajsetty@example.net,03107187659,Sharjah,2024-09-01
CUST-10186,Lopa Garg,girik50@example.net,06355029643,Abu Dhabi,2024-09-29
CUST-10187,Nandini Kale,abhapai@example.net,07265562265,Sharjah,2024-05-28
CUST-10188,Sai Sood,yogifrederick@example.com,03823999309,Dubai,2025-11-08
CUST-10189,Ridhi Chand,schhabra@example.com,7520614743,Sharjah,2026-03-07
CUST-10190,Saksham Maharaj,lankawarinder@example.net,+912387030696,Ajman,2025-03-10
CUST-10191,Chaitanya Choudhury,tanejadarika@example.com,1369571029,Ajman,2024-06-06
CUST-10192,Lipika Wagle,ogrover@example.net,+917633744171,Dubai,2025-10-18
CUST-10193,Qadim Mittal,meera45@example.org,+917467355520,Dubai,2025-02-22
CUST-10194,Indali Randhawa,sethigaurav@example.net,6517342771,Ajman,2024-10-12
CUST-10195,Anjali Bhatt,lucky09@example.org,01401782173,Abu Dhabi,2025-09-09
CUST-10196,Rehaan Misra,vrama@example.net,09089472461,Abu Dhabi,2025-01-05
CUST-10197,Yagnesh Parmar,henry68@example.net,3078621263,Ajman,2025-07-23
CUST-10198,Kavya Murty,ayushkaran@example.net,02884170172,Ajman,2026-01-13
CUST-10199,Ekalinga Sharaf,bhavnadate@example.com,08514568167,Dubai,2025-03-07
CUST-10200,Umang Gulati,parekhdaksha@example.com,1795595361,Ajman,2025-11-23
CUST-10201,Yoshita Nigam,eeshakala@example.net,0735841602,Abu Dhabi,2025-09-11
CUST-10202,Ishita Kari,bhattnirja@example.com,+918388340229,Abu Dhabi,2026-02-24
CUST-10203,Azad Barad,kumarbrinda@example.net,+914131261149,Ajman,2025-11-30
CUST-10204,Forum Palan,johalbhavani@example.org,6112114092,Abu Dhabi,2024-08-27
CUST-10205,Zashil Khosla,aayushzachariah@example.org,04112152455,Sharjah,2025-05-18
CUST-10206,Ronith Rout,dakshamunshi@example.org,8788573993,Ajman,2026-01-10
CUST-10207,Ekaja Parsa,murtywarhi@example.org,+917155064540,Ajman,2025-04-23
CUST-10208,Raagini Banerjee,uppalkalpit@example.net,+915747733607,Ajman,2024-09-24
CUST-10209,Yashodhara Chaudhary,jai21@example.org,9276527038,Ajman,2026-03-04
CUST-10210,Yashica Koshy,kalpitvarma@example.net,7839377368,Abu Dhabi,2024-07-28
CUST-10211,Hamsini Balay,srinivasanmax@example.net,+910037647724,Ajman,2026-01-24
CUST-10212,Yashasvi Dara,kamdarsai@example.com,+917818410282,Dubai,2024-08-09
CUST-10213,Teerth Thaman,biranirudh@example.com,+916795163038,Sharjah,2025-09-24
CUST-10214,Hitesh Grover,eesha97@example.org,+915468552816,Ajman,2025-07-30
CUST-10215,Ekiya Balakrishnan,daksha71@example.com,3388483365,Dubai,2024-05-31
CUST-10216,Udarsh Rajagopalan,bimalabhakta@example.com,+919332069483,Sharjah,2024-11-08
CUST-10217,Qushi Vala,bedicharles@example.org,+918279516455,Ajman,2024-08-10
CUST-10218,Vasana Comar,manbir93@example.org,+912306110739,Sharjah,2025-12-17
CUST-10219,Chandran Nagar,charitadoctor@example.com,3282508565,Ajman,2025-01-21
CUST-10220,Veer Madan,hpatil@example.net,1875761500,Abu Dhabi,2025-12-21
CUST-10221,Maya Lad,sakshamshah@example.com,0697460348,Dubai,2025-02-28
CUST-10222,Kamala Kade,watika76@example.net,+915245866866,Sharjah,2024-08-15
CUST-10223,Nachiket Om,misradeepa@example.com,0555443774,Sharjah,2025-01-27
CUST-10224,Krisha Sheth,ladsarthak@example.org,4941777813,Dubai,2024-10-16
CUST-10225,Gaurangi Kashyap,mnayar@example.org,1463986092,Abu Dhabi,2025-10-03
CUST-10226,Sai Wable,devansh00@example.com,1612222673,Ajman,2024-06-29
CUST-10227,Yashvi Jani,ishita07@example.com,+910269689683,Abu Dhabi,2024-07-01
CUST-10228,Onkar Bhatia,kritikakeer@example.org,0379160480,Ajman,2024-09-18
CUST-10229,Mugdha Luthra,warjashans@example.org,7560019951,Ajman,2026-02-16
CUST-10230,Lakshit Prabhakar,jtripathi@example.com,00315197943,Sharjah,2025-10-20
CUST-10231,Champak Minhas,muttinachiket@example.net,3658164678,Sharjah,2026-03-07
CUST-10232,Zilmil Konda,neel93@example.com,+914155715902,Ajman,2026-04-22
CUST-10233,Hritik Warrior,pdugar@example.org,+915895122519,Sharjah,2025-12-24
CUST-10234,Diya Narayan,rdalal@example.net,8465732568,Dubai,2025-11-16
CUST-10235,Harini Bhat,ekantika50@example.com,1860162623,Sharjah,2025-10-07
CUST-10236,Vansha Devan,sjha@example.com,05137200083,Sharjah,2025-05-20
CUST-10237,Tristan Dar,osetty@example.com,04982423780,Dubai,2025-02-12
CUST-10238,Neha Mannan,pranit23@example.org,+913056188936,Sharjah,2025-05-25
CUST-10239,Dhruv Mistry,fsen@example.org,09236723520,Ajman,2025-04-20
CUST-10240,Zaitra Kohli,chandran62@example.com,01127238303,Ajman,2025-10-01
CUST-10241,Abha Mukherjee,santanay@example.net,03320434645,Ajman,2026-02-13
CUST-10242,Ira Pathak,zansi50@example.org,03596613844,Dubai,2024-05-13
CUST-10243,Mohini Yogi,xavierdash@example.org,9321781958,Sharjah,2024-11-10
CUST-10244,Ishanvi Bhandari,jhalakjoshi@example.org,+916648152461,Abu Dhabi,2026-02-28
CUST-10245,Aryan Apte,dalaja73@example.net,0160974426,Sharjah,2024-09-25
CUST-10246,Ayaan Rajan,lmall@example.org,00969393147,Abu Dhabi,2025-08-30
CUST-10247,Ubika Ramaswamy,yashica32@example.com,4918848512,Sharjah,2025-06-20
CUST-10248,Jatin Reddy,naveen75@example.net,+918504185583,Abu Dhabi,2024-07-17
CUST-10249,Hiral Lad,indrajitupadhyay@example.com,+913814534954,Sharjah,2025-05-17
CUST-10250,Imaran Walla,ishani08@example.com,+911573038222,Sharjah,2025-09-12
CUST-10251,Praneel Aggarwal,jhegde@example.net,6108656578,Sharjah,2024-10-03
CUST-10252,Raagini Gill,tlata@example.net,1427383659,Dubai,2025-02-13
CUST-10253,Diya Taneja,bhavaninaik@example.net,08330474397,Ajman,2024-06-02
CUST-10254,Chakradhar Khanna,ckulkarni@example.net,2737324537,Dubai,2024-09-19
CUST-10255,Ekalinga Mand,ubika99@example.com,1526012247,Dubai,2025-02-08
CUST-10256,Mahika Doshi,zaidpall@example.com,1872676333,Abu Dhabi,2026-03-19
CUST-10257,Idika Bajaj,okaul@example.com,2170359515,Dubai,2025-12-14
CUST-10258,Omisha Sahni,wbatta@example.org,2050663013,Ajman,2025-04-12
CUST-10259,Balhaar Pall,basuorinder@example.org,+917193943256,Abu Dhabi,2025-09-06
CUST-10260,Abhiram Golla,zilmil49@example.com,+918192532908,Ajman,2025-06-22
CUST-10261,Ishwar Johal,wlad@example.org,+910416372681,Sharjah,2025-06-23
CUST-10262,Unnati Amble,fbehl@example.com,8329678310,Abu Dhabi,2024-09-17
CUST-10263,Rajeshri Bassi,comaramol@example.net,+916285926701,Ajman,2024-09-02
CUST-10264,Saksham Dixit,loyalsai@example.org,7028553309,Dubai,2025-01-08
CUST-10265,Manya Batta,wmall@example.com,5030373446,Ajman,2024-11-15
CUST-10266,Abeer Prashad,baradisaac@example.com,+911110273880,Ajman,2025-07-28
CUST-10267,Baljiwan Samra,abha31@example.org,2824667998,Ajman,2026-02-22
CUST-10268,Rishi Nath,aarush14@example.net,06103418929,Abu Dhabi,2026-04-10
CUST-10269,Chandresh Mane,siya89@example.org,+914261422765,Dubai,2025-04-14
CUST-10270,Bhavini Ramaswamy,rajata42@example.com,06445447101,Ajman,2024-06-11
CUST-10271,Ethan Balasubramanian,gopalsaanvi@example.net,5644195551,Abu Dhabi,2025-06-10
CUST-10272,Amol Borah,prabhakarimaran@example.org,+912732017944,Abu Dhabi,2026-04-04
CUST-10273,Ira Narang,baradaarini@example.com,1916860260,Dubai,2024-10-12
CUST-10274,Jackson Mammen,ubahri@example.org,+917476816223,Abu Dhabi,2024-08-08
CUST-10275,Ishanvi Lala,dnarayanan@example.com,1646904576,Ajman,2024-05-19
CUST-10276,Yatan Muni,zilmilanne@example.org,9143163844,Ajman,2024-10-11
CUST-10277,Odika Kumer,banikbanjeet@example.net,02265641304,Sharjah,2026-04-05
CUST-10278,Akshay Pant,gulatiraagini@example.net,07643747365,Sharjah,2024-10-23
CUST-10279,Diya Natt,tmane@example.net,0658155521,Abu Dhabi,2026-04-28
CUST-10280,Vivaan Setty,abdul33@example.org,04566987677,Sharjah,2025-10-20
CUST-10281,Eshana Lall,vgarde@example.com,9851357119,Abu Dhabi,2025-12-28
CUST-10282,Kala Kapoor,nitaranarain@example.org,7424804516,Ajman,2025-05-10
CUST-10283,Vedika Dhingra,pbuch@example.net,04231146553,Ajman,2025-12-26
CUST-10284,Harita Pai,falan00@example.org,+916716842694,Dubai,2025-11-20
CUST-10285,Kavya Choudhury,chanchal13@example.org,09231729881,Dubai,2025-01-17
CUST-10286,Tanish Shankar,kuruvillabarkha@example.net,08509268665,Sharjah,2025-01-21
CUST-10287,Orinder Cherian,bhavika24@example.net,+918385179545,Dubai,2025-07-10
CUST-10288,Megha Keer,nakulkannan@example.org,6390183158,Sharjah,2025-10-03
CUST-10289,Amara Chopra,omkaarmuni@example.net,+919393421794,Sharjah,2024-12-20
CUST-10290,Tristan Bora,yroy@example.org,+912586036233,Dubai,2024-06-03
CUST-10291,Faraj Reddy,tsur@example.org,5341454760,Abu Dhabi,2026-05-04
CUST-10292,Kritika Zachariah,pagate@example.net,+915417641852,Abu Dhabi,2025-01-12
CUST-10293,Amaira Rastogi,hemanginibhattacharyya@example.org,6896877061,Dubai,2025-02-06
CUST-10294,Advay Sarin,ozaharita@example.org,+914062596425,Abu Dhabi,2026-04-27
CUST-10295,Chaaya Gera,rnori@example.com,9075825022,Ajman,2025-08-04
CUST-10296,Raksha Mohanty,virajdeol@example.org,2656967090,Abu Dhabi,2026-04-01
CUST-10297,Oeshi Nagi,chasmummangat@example.com,2873035739,Sharjah,2025-04-27
CUST-10298,Vincent Badal,biswasabha@example.com,4481637839,Abu Dhabi,2025-01-25
CUST-10299,Yash Wali,jatin49@example.org,03870169693,Dubai,2024-06-30
CUST-10300,Imaran Banik,vkannan@example.net,+913057641957,Abu Dhabi,2025-02-25
CUST-10301,Daksha Ganesh,forumroy@example.com,+919237209254,Ajman,2024-07-25
CUST-10302,Gopal Parikh,oshadhingra@example.net,+911018767160,Sharjah,2025-09-27
CUST-10303,Janani Chada,kondaridhi@example.net,01004723215,Abu Dhabi,2025-10-29
CUST-10304,Yachana Bahl,grovergaurangi@example.com,04986751360,Ajman,2025-04-14
CUST-10305,Ishita Goda,zachariahronith@example.net,09303624094,Sharjah,2025-06-04
CUST-10306,Matthew Dugal,naveenkamdar@example.org,03288486996,Ajman,2024-07-07
CUST-10307,Nimrat Dugal,xchander@example.net,02204304268,Dubai,2025-12-04
CUST-10308,Om Dara,netradhar@example.com,4541056095,Sharjah,2026-04-05
CUST-10309,Jagdish Divan,maneshivansh@example.org,+910417592169,Ajman,2025-06-23
CUST-10310,Eesha Talwar,pjayaraman@example.net,09487737364,Abu Dhabi,2025-06-06
CUST-10311,Pavani Aggarwal,anyabumb@example.org,9032884016,Ajman,2025-03-19
CUST-10312,Tripti Roy,tejasramanathan@example.net,+919493757393,Sharjah,2025-06-06
CUST-10313,Jeet Wadhwa,hemal03@example.org,+919234502051,Ajman,2025-07-06
CUST-10314,Damyanti Soni,falguni76@example.net,+912331555428,Abu Dhabi,2025-05-24
CUST-10315,Gavin Talwar,evora@example.com,+911845753654,Abu Dhabi,2025-07-02
CUST-10316,Xalak Mukherjee,gagancomar@example.net,05190954529,Abu Dhabi,2025-11-16
CUST-10317,Gautam Handa,sandhuadvika@example.net,+915876505327,Dubai,2024-12-10
CUST-10318,Aadhya Oza,amara71@example.org,07416810745,Sharjah,2025-11-19
CUST-10319,Megha Kapadia,gayathrisampath@example.org,+910718961366,Abu Dhabi,2025-08-02
CUST-10320,Zarna Bhattacharyya,dayamaiprakash@example.net,06636127052,Dubai,2025-08-06
CUST-10321,Ishita Natarajan,xjaggi@example.org,+919493881590,Ajman,2024-09-15
CUST-10322,Gaurangi Dhillon,ekakar@example.net,+916138297182,Abu Dhabi,2024-05-14
CUST-10323,Ikshita Dixit,butalaamara@example.net,+913978384913,Abu Dhabi,2025-12-07
CUST-10324,Aradhana Sarraf,omisha58@example.org,9118411089,Abu Dhabi,2025-05-18
CUST-10325,Ayaan Raghavan,ksachdeva@example.net,+914216683030,Abu Dhabi,2026-03-11
CUST-10326,Amara Deshmukh,tnarang@example.net,5914732269,Sharjah,2026-02-21
CUST-10327,Vaishnavi Bava,rrattan@example.com,05862057751,Sharjah,2025-06-16
CUST-10328,Daksha Gokhale,chaudhryaayush@example.org,1693493374,Sharjah,2024-09-03
CUST-10329,Robert Natarajan,ekapadram@example.com,6160641042,Ajman,2024-11-07
CUST-10330,Rajata Upadhyay,aradhanaissac@example.com,+914456791289,Ajman,2026-04-24
CUST-10331,Chatura Khalsa,frederickviswanathan@example.com,+914007895037,Sharjah,2025-04-03
CUST-10332,Aishani Sani,hardik80@example.net,02304120480,Ajman,2025-01-09
CUST-10333,Devika Madan,janani18@example.com,0128977272,Ajman,2025-02-12
CUST-10334,Edhitha Deol,okamdar@example.org,09260185777,Sharjah,2025-03-14
CUST-10335,Unni Lad,ylad@example.org,+919674574153,Ajman,2025-02-28
CUST-10336,Arya Amble,xwalia@example.net,02616953298,Abu Dhabi,2025-01-15
CUST-10337,Gagan Kothari,nattsuhani@example.net,06199187963,Dubai,2025-07-17
CUST-10338,Anika Sharaf,rastogiwahab@example.com,03963598840,Sharjah,2024-11-25
CUST-10339,Dipta Dave,isaiah00@example.com,+916188463680,Dubai,2025-04-09
CUST-10340,Chandresh Aggarwal,kaurrayaan@example.net,1851127947,Sharjah,2025-01-30
CUST-10341,Oliver Koshy,karnikyadavi@example.net,6987909830,Dubai,2024-12-17
CUST-10342,Qushi Zacharia,dloke@example.com,07583930240,Sharjah,2024-07-19
CUST-10343,Vyanjana Shankar,damyanti58@example.com,+911339276428,Dubai,2025-11-19
CUST-10344,Dipta Sehgal,alexandernadkarni@example.net,09226223184,Dubai,2025-09-02
CUST-10345,Odika Kant,naksh93@example.org,+913088685190,Abu Dhabi,2025-02-14
CUST-10346,George Nagar,nidhivasa@example.net,+912697171210,Sharjah,2025-07-17
CUST-10347,Aahana Chaudhry,deylekha@example.net,+914523620865,Dubai,2025-11-03
CUST-10348,Divya Bains,aashitalwar@example.net,1977309297,Ajman,2025-09-29
CUST-10349,Orinder Sachdeva,ishankar@example.com,+914868820073,Ajman,2025-10-07
CUST-10350,Kala Ghose,anjalinadig@example.org,+918323571982,Ajman,2024-12-17
CUST-10351,Chanchal Apte,shravya77@example.com,0822285350,Dubai,2026-01-14
CUST-10352,Dakshesh Patla,liamiyer@example.com,+910980895824,Dubai,2025-10-09
CUST-10353,Anita Raman,vvirk@example.com,07683784123,Dubai,2026-03-13
CUST-10354,Nidhi Parmer,anika32@example.org,8311319523,Sharjah,2024-07-12
CUST-10355,Ucchal Sankar,vasana26@example.org,00810928085,Ajman,2026-02-25
CUST-10356,Krishna Dixit,ysarraf@example.com,06329317174,Abu Dhabi,2025-09-24
CUST-10357,Urvi Nadkarni,chasmumkhalsa@example.com,07490488027,Sharjah,2026-04-20
CUST-10358,Sachi Rajagopal,butalabhavini@example.org,0388730848,Sharjah,2025-08-14
CUST-10359,Ekansh Srivastava,tnayak@example.com,03385869007,Abu Dhabi,2024-08-03
CUST-10360,Ethan Yadav,sravi@example.com,07278449840,Sharjah,2024-05-11
CUST-10361,Gabriel Parekh,mchanda@example.com,4659735857,Dubai,2025-04-01
CUST-10362,Jalsa Thakur,jkalla@example.com,02021083501,Dubai,2026-02-21
CUST-10363,Inaya Bains,udyati72@example.com,2556883048,Abu Dhabi,2026-04-20
CUST-10364,Urishilla Mani,nandini59@example.net,+911858660679,Sharjah,2026-03-27
CUST-10365,Neelima Luthra,odika55@example.net,05955873157,Ajman,2024-08-13
CUST-10366,Alka Tank,butalawatika@example.net,00882464375,Ajman,2025-06-26
CUST-10367,Caleb Basu,aditya08@example.org,06671811477,Abu Dhabi,2024-11-15
CUST-10368,Bachittar Batra,anshdeep@example.org,00247689215,Sharjah,2025-06-22
CUST-10369,Pranit Apte,uyogi@example.com,+918635624327,Dubai,2025-06-30
CUST-10370,Saksham Yogi,lakshminaik@example.com,+918505086984,Ajman,2025-08-26
CUST-10371,Yauvani Vala,jasmitguha@example.net,1678299748,Ajman,2024-08-19
CUST-10372,Gautam Bala,dhawanria@example.com,+912236170656,Ajman,2025-06-05
CUST-10373,Qarin Lata,jsami@example.net,+916357103572,Abu Dhabi,2024-08-12
CUST-10374,Bakhshi Shah,qbobal@example.com,+918481612142,Sharjah,2025-01-14
CUST-10375,Neha Swaminathan,chanaprisha@example.com,8069037715,Sharjah,2025-01-30
CUST-10376,Rehaan Krishnan,yauvani41@example.com,03368726032,Ajman,2025-01-14
CUST-10377,Jagrati Sarraf,gborde@example.org,+912206117661,Abu Dhabi,2024-10-29
CUST-10378,Yachana Pillai,prasadprisha@example.net,+919366453134,Abu Dhabi,2024-09-27
CUST-10379,Unni Char,rudrabajaj@example.net,01716845042,Sharjah,2025-10-02
CUST-10380,Xiti Butala,dinsaanvi@example.net,01519310754,Abu Dhabi,2026-05-08
CUST-10381,Krish Dhingra,quincy54@example.org,02669085187,Ajman,2025-06-24
CUST-10382,Janani Dewan,wriddhish70@example.net,06842405904,Dubai,2026-01-29
CUST-10383,Ishita Srinivas,obrar@example.com,09579948993,Dubai,2025-06-24
CUST-10384,Ubika Sant,sai66@example.com,04911467014,Dubai,2024-08-16
CUST-10385,Maya Balan,etailor@example.net,04150255441,Dubai,2025-03-21
CUST-10386,Sachi Sahni,aparikh@example.com,00699160178,Dubai,2024-12-11
CUST-10387,Qadim Wable,vritti56@example.org,+914120789911,Dubai,2025-10-01
CUST-10388,Ronith Nagar,unnidatta@example.net,09093346934,Sharjah,2024-12-25
CUST-10389,Nidhi Raman,korpalhemangini@example.org,04575787090,Ajman,2025-07-11
CUST-10390,Aarav Sagar,yaminibail@example.net,05134293265,Dubai,2024-12-12
CUST-10391,Qushi Kohli,chaitanya81@example.net,+919453493017,Ajman,2024-08-13
CUST-10392,Nathaniel Palla,falguni73@example.org,3813077266,Sharjah,2024-05-28
CUST-10393,Faris Prakash,regequincy@example.net,01848082162,Sharjah,2024-09-08
CUST-10394,Thomas Ramakrishnan,rayaanmaharaj@example.com,02358280585,Sharjah,2025-01-21
CUST-10395,Ishaan Nayar,vartygirik@example.net,+913258632258,Dubai,2026-02-02
CUST-10396,Madhavi Palan,anamikakala@example.net,+912314456418,Dubai,2025-08-07
CUST-10397,Ikbal Sampath,galaanusha@example.net,01305385018,Ajman,2024-06-03
CUST-10398,Lopa Dalal,hagarwal@example.net,04066444349,Dubai,2024-08-27
CUST-10399,Chavvi Kale,jalsa20@example.com,2943562883,Abu Dhabi,2026-04-26
CUST-10400,Janaki Dara,amol17@example.net,0813976785,Dubai,2025-06-05
CUST-10401,Adya Uppal,wakeeta80@example.net,03737752303,Abu Dhabi,2026-03-09
CUST-10402,Madhav Nagarajan,lseth@example.com,+913109324801,Ajman,2025-09-26
CUST-10403,Ojasvi Sarma,mnagi@example.com,+915499183484,Sharjah,2025-01-28
CUST-10404,Hemal Hari,theodorebala@example.org,+919222155252,Sharjah,2026-03-12
CUST-10405,Ekapad Ben,ekarajpingle@example.net,06834489853,Ajman,2024-06-28
CUST-10406,Simon Ganesh,tatadamini@example.com,07668999144,Abu Dhabi,2024-06-11
CUST-10407,Upkaar Sani,iryawalia@example.net,08072834862,Dubai,2025-06-24
CUST-10408,Panini Shroff,wagleleela@example.net,9971988970,Ajman,2025-04-07
CUST-10409,Max Doctor,sulebina@example.net,0691996501,Abu Dhabi,2024-11-20
CUST-10410,Nathan Arora,nathaniel54@example.com,+912428601550,Dubai,2025-08-19
CUST-10411,Neel Murthy,jacob01@example.net,05555180811,Dubai,2024-05-31
CUST-10412,Tanay Padmanabhan,rtank@example.net,+913132515434,Dubai,2025-12-27
CUST-10413,Daksh Misra,tooryatin@example.org,3772317238,Ajman,2024-07-06
CUST-10414,Charvi Ganguly,benjamin71@example.com,06266494379,Dubai,2025-10-06
CUST-10415,Lohit Dar,agastya56@example.com,+912642526116,Dubai,2025-02-03
CUST-10416,Azaan Loyal,bajajyashvi@example.org,06563072249,Ajman,2024-06-28
CUST-10417,Orinder Rajagopalan,farasmalhotra@example.com,06575435821,Abu Dhabi,2025-01-06
CUST-10418,Nidhi Patil,dartristan@example.com,7505806820,Dubai,2026-01-10
CUST-10419,Krisha Pal,arya54@example.org,3062490347,Sharjah,2026-01-03
CUST-10420,Hardik Raman,neha20@example.com,08655961707,Sharjah,2024-10-07
CUST-10421,Champak Kashyap,kalpit24@example.com,5972150375,Abu Dhabi,2024-09-21
CUST-10422,Bina Nadig,elala@example.net,3381437892,Abu Dhabi,2026-02-12
CUST-10423,Chakradev Zacharia,kevin07@example.net,4547860922,Dubai,2025-12-21
CUST-10424,Reyansh Shankar,ramantamanna@example.com,07895744134,Sharjah,2025-07-25
CUST-10425,Tanish Choudhury,yamini97@example.net,+913651045529,Abu Dhabi,2025-08-23
CUST-10426,Gavin Sha,garderayaan@example.net,9267201867,Abu Dhabi,2025-11-28
CUST-10427,Vrishti Kuruvilla,isaiah28@example.org,5641008284,Ajman,2026-04-30
CUST-10428,Abdul Goyal,rayaanmurthy@example.com,+914857738948,Sharjah,2024-08-11
CUST-10429,Henry Bhardwaj,zilmil67@example.org,+918601036686,Abu Dhabi,2024-05-17
CUST-10430,Amaira Sankar,srinivasanfaqid@example.com,+910386883812,Ajman,2025-03-13
CUST-10431,Ayush Dar,ngoda@example.org,+915967127848,Dubai,2024-08-21
CUST-10432,Bahadurjit Issac,nilima19@example.com,3655304338,Sharjah,2024-07-14
CUST-10433,Chaaya Krishna,champakkannan@example.com,+914245503023,Abu Dhabi,2025-04-19
CUST-10434,Omaja Bala,priya91@example.com,03026429198,Abu Dhabi,2025-09-07
CUST-10435,Saumya Chauhan,reva88@example.net,05262220394,Abu Dhabi,2025-02-11
CUST-10436,Hemang Badami,anirudhsibal@example.com,8362525757,Dubai,2024-08-14
CUST-10437,Aishani Pall,anaychhabra@example.net,1999016741,Ajman,2024-06-21
CUST-10438,Azad Dutta,priyakale@example.com,02478624196,Dubai,2026-01-03
CUST-10439,Indrajit Bandi,avnisingh@example.net,9711385290,Sharjah,2024-10-11
CUST-10440,Mitesh Thaker,watika28@example.org,+911452282964,Sharjah,2026-03-31
CUST-10441,Urmi Bhasin,skarpe@example.com,+910443932182,Ajman,2025-04-01
CUST-10442,Wahab Swamy,karankavya@example.com,+911373281695,Abu Dhabi,2025-06-18
CUST-10443,Yutika Barman,xthakkar@example.com,09637729400,Abu Dhabi,2025-11-24
CUST-10444,Tripti Ganesan,darsh63@example.net,7805376255,Dubai,2024-08-17
CUST-10445,Girindra Bansal,iborra@example.org,09492345926,Ajman,2025-02-25
CUST-10446,Aryan Puri,georgekalita@example.org,3374836157,Ajman,2024-10-23
CUST-10447,Bachittar Kota,cratta@example.com,3646416731,Abu Dhabi,2025-05-29
CUST-10448,Chandran Sodhi,anjaliborde@example.net,+916507873626,Dubai,2025-12-25
CUST-10449,Hemani Jhaveri,rishi40@example.org,2243718992,Dubai,2025-04-28
CUST-10450,Upma More,yamini95@example.net,+914403393835,Dubai,2025-06-13
CUST-10451,Zilmil Ram,maxdivan@example.net,02049262451,Ajman,2024-07-05
CUST-10452,Pahal Mannan,shettyjagvi@example.net,+919695623613,Abu Dhabi,2025-11-21
CUST-10453,Yamini Kohli,chandransen@example.net,+913985093464,Abu Dhabi,2026-04-13
CUST-10454,Nakul Bansal,kalpit79@example.com,+914555515526,Abu Dhabi,2024-05-17
CUST-10455,Anirudh Kala,mistryranbir@example.com,+918487086907,Abu Dhabi,2025-02-04
CUST-10456,Peter Tailor,janujaramanathan@example.org,+913340116349,Ajman,2026-05-08
CUST-10457,Krisha Dey,fmann@example.net,07107636744,Sharjah,2026-04-01
CUST-10458,Ojas More,iyeraachal@example.org,+915007683856,Ajman,2025-07-03
CUST-10459,Amara Bali,daniel34@example.org,01165123623,Dubai,2024-06-25
CUST-10460,Bhanumati Sarna,ibajwa@example.org,07461638330,Ajman,2026-04-15
CUST-10461,Bachittar Rana,daveaadhya@example.net,04314131726,Sharjah,2024-06-10
CUST-10462,Samar Nair,isingh@example.org,9818572606,Ajman,2025-07-20
CUST-10463,Charan Edwin,bathtristan@example.net,5684766349,Dubai,2025-02-17
CUST-10464,Diya Rajagopal,lkala@example.net,01267630565,Ajman,2024-09-20
CUST-10465,Rishi Chacko,inaya48@example.net,+913127125452,Abu Dhabi,2025-04-11
CUST-10466,Imaran Nath,zaitra57@example.net,+915201116808,Abu Dhabi,2025-04-30
CUST-10467,Edhitha Murty,fgaba@example.com,1761833019,Dubai,2026-01-18
CUST-10468,Omkaar Sinha,chanchalchar@example.org,08665802128,Dubai,2024-07-02
CUST-10469,Jatin Loke,oniprashad@example.net,7728589207,Abu Dhabi,2025-07-01
CUST-10470,Rudra Majumdar,kadewarinder@example.org,01290308193,Sharjah,2024-05-20
CUST-10471,Aahana Sampath,dayita23@example.net,00604228342,Dubai,2025-11-04
CUST-10472,Kamala Talwar,zramaswamy@example.net,05995868384,Dubai,2024-08-04
CUST-10473,Viraj Parsa,seshadribhanumati@example.org,06484912652,Sharjah,2025-01-13
CUST-10474,Daksh Ganesan,bsehgal@example.com,+912568039402,Sharjah,2025-11-02
CUST-10475,Ridhi Bajwa,daksh18@example.com,9207444849,Ajman,2025-05-04
CUST-10476,Orinder Wagle,eshankar@example.com,01702274265,Sharjah,2026-02-04
CUST-10477,Ishaan Loyal,ramakrishnanwriddhish@example.com,+912441088636,Sharjah,2024-08-18
CUST-10478,Gaurika Majumdar,mahika57@example.net,06838632895,Dubai,2026-04-04
CUST-10479,Aarush Viswanathan,masteraarini@example.com,+911721104154,Dubai,2026-01-24
CUST-10480,Fitan Parmer,ckothari@example.net,+914063921719,Ajman,2024-08-23
CUST-10481,Vamakshi Merchant,minhasbaljiwan@example.org,+919838287456,Ajman,2024-08-21
CUST-10482,Watika Subramaniam,palanhemal@example.net,8251624157,Abu Dhabi,2025-10-27
CUST-10483,Aachal Loyal,upadhyayyahvi@example.com,02293790725,Sharjah,2024-06-04
CUST-10484,Oni Ganesan,balivedhika@example.org,7364152570,Abu Dhabi,2024-08-28
CUST-10485,Radha Nigam,farasbala@example.com,+915954648430,Sharjah,2025-07-13
CUST-10486,Gautami Chauhan,dayalsudiksha@example.org,+911484673733,Abu Dhabi,2025-10-29
CUST-10487,Onkar Ganguly,usolanki@example.org,2437428846,Abu Dhabi,2026-04-05
CUST-10488,Anika Mahal,neha34@example.net,2905274742,Abu Dhabi,2025-09-08
CUST-10489,Imaran Samra,daksha75@example.com,07238896199,Ajman,2024-12-28
CUST-10490,Tamanna Grewal,savantranveer@example.org,+918844573264,Sharjah,2025-08-13
CUST-10491,Arunima Jain,ebalakrishnan@example.net,0272946682,Ajman,2025-11-28
CUST-10492,Luke Krishna,ckala@example.com,6622915861,Ajman,2024-07-17
CUST-10493,Nandini Chad,madananamika@example.com,09242082360,Abu Dhabi,2024-06-08
CUST-10494,Xiti Batra,sarthak91@example.net,07526075908,Abu Dhabi,2026-04-11
CUST-10495,Saumya Ramachandran,yashica24@example.com,02492999089,Sharjah,2024-07-08
CUST-10496,Tanveer Bhagat,orao@example.net,01834120458,Abu Dhabi,2024-09-29
CUST-10497,Yashasvi Yohannan,ogour@example.org,+918796500699,Abu Dhabi,2025-12-06
CUST-10498,Chanakya Dhillon,reva17@example.org,03761303549,Sharjah,2025-10-01
CUST-10499,Ekiya Varkey,bhaviniraja@example.com,+916019683559,Dubai,2025-05-12
